url,title,emails,contact_sections
https://sam.gov/opp/140FQ0001,,,
https://sam.gov/opp/140FQ0002,,,
https://sam.gov/opp/140FQ0003,,,
https://sam.gov/opp/140FQ0004,,,
https://sam.gov/opp/140FQ0005,,,
https://sam.gov/opp/140FR0001,,,
https://sam.gov/opp/140FR0002,,,
https://sam.gov/opp/140FR0003,,,
https://sam.gov/opp/140FR0004,,,
https://sam.gov/opp/140FR0005,,,
https://sam.gov/opp/W9124Q0001,,,
https://sam.gov/opp/W9124Q0002,,,
https://sam.gov/opp/W9124Q0003,,,
https://sam.gov/opp/W9124Q0004,,,
https://sam.gov/opp/W9124Q0005,,,
https://sam.gov/opp/W9124R0001,,,
https://sam.gov/opp/W9124R0002,,,
https://sam.gov/opp/W9124R0003,,,
https://sam.gov/opp/W9124R0004,,,
https://sam.gov/opp/W9124R0005,,,
https://sam.gov/opp/N0018Q0001,,,
https://sam.gov/opp/N0018Q0002,,,
https://sam.gov/opp/N0018Q0003,,,
https://sam.gov/opp/N0018Q0004,,,
https://sam.gov/opp/N0018Q0005,,,
https://sam.gov/opp/N0018R0001,,,
https://sam.gov/opp/N0018R0002,,,
https://sam.gov/opp/N0018R0003,,,
https://sam.gov/opp/N0018R0004,,,
https://sam.gov/opp/N0018R0005,,,
https://sam.gov/opp/W91CRQ0001,,,
https://sam.gov/opp/W91CRQ0002,,,
https://sam.gov/opp/W91CRQ0003,,,
https://sam.gov/opp/W91CRQ0004,,,
https://sam.gov/opp/W91CRQ0005,,,
https://sam.gov/opp/W91CRR0001,,,
https://sam.gov/opp/W91CRR0002,,,
https://sam.gov/opp/W91CRR0003,,,
https://sam.gov/opp/W91CRR0004,,,
https://sam.gov/opp/W91CRR0005,,,
https://sam.gov/opp/W912DYQ0001,,,
https://sam.gov/opp/W912DYQ0002,,,
https://sam.gov/opp/W912DYQ0003,,,
https://sam.gov/opp/W912DYQ0004,,,
https://sam.gov/opp/W912DYQ0005,,,
https://sam.gov/opp/W912DYR0001,,,
https://sam.gov/opp/W912DYR0002,,,
https://sam.gov/opp/W912DYR0003,,,
https://sam.gov/opp/W912DYR0004,,,
https://sam.gov/opp/W912DYR0005,,,
https://sam.gov/opp/W9124QQ0001,,,
https://sam.gov/opp/W9124QQ0002,,,
https://sam.gov/opp/W9124QQ0003,,,
https://sam.gov/opp/W9124QQ0004,,,
https://sam.gov/opp/W9124QQ0005,,,
https://sam.gov/opp/W9124QR0001,,,
https://sam.gov/opp/W9124QR0002,,,
https://sam.gov/opp/W9124QR0003,,,
https://sam.gov/opp/W9124QR0004,,,
https://sam.gov/opp/W9124QR0005,,,
https://sam.gov/opp/W9124RQ0001,,,
https://sam.gov/opp/W9124RQ0002,,,
https://sam.gov/opp/W9124RQ0003,,,
https://sam.gov/opp/W9124RQ0004,,,
https://sam.gov/opp/W9124RQ0005,,,
https://sam.gov/opp/W9124RR0001,,,
https://sam.gov/opp/W9124RR0002,,,
https://sam.gov/opp/W9124RR0003,,,
https://sam.gov/opp/W9124RR0004,,,
https://sam.gov/opp/W9124RR0005,,,
https://sam.gov/opp/W9124SQ0001,,,
https://sam.gov/opp/W9124SQ0002,,,
https://sam.gov/opp/W9124SQ0003,,,
https://sam.gov/opp/W9124SQ0004,,,
https://sam.gov/opp/W9124SQ0005,,,
https://sam.gov/opp/W9124SR0001,,,
https://sam.gov/opp/W9124SR0002,,,
https://sam.gov/opp/W9124SR0003,,,
https://sam.gov/opp/W9124SR0004,,,
https://sam.gov/opp/W9124SR0005,,,
https://sam.gov/opp/W9124TQ0001,,,
https://sam.gov/opp/W9124TQ0002,,,
https://sam.gov/opp/W9124TQ0003,,,
https://sam.gov/opp/W9124TQ0004,,,
https://sam.gov/opp/W9124TQ0005,,,
https://sam.gov/opp/W9124TR0001,,,
https://sam.gov/opp/W9124TR0002,,,
https://sam.gov/opp/W9124TR0003,,,
https://sam.gov/opp/W9124TR0004,,,
https://sam.gov/opp/W9124TR0005,,,
https://sam.gov/opp/W9124UQ0001,,,
https://sam.gov/opp/W9124UQ0002,,,
https://sam.gov/opp/W9124UQ0003,,,
https://sam.gov/opp/W9124UQ0004,,,
https://sam.gov/opp/W9124UQ0005,,,
https://sam.gov/opp/W9124UR0001,,,
https://sam.gov/opp/W9124UR0002,,,
https://sam.gov/opp/W9124UR0003,,,
https://sam.gov/opp/W9124UR0004,,,
https://sam.gov/opp/W9124UR0005,,,
https://sam.gov/opp/W9124VQ0001,,,
https://sam.gov/opp/W9124VQ0002,,,
https://sam.gov/opp/W9124VQ0003,,,
https://sam.gov/opp/W9124VQ0004,,,
https://sam.gov/opp/W9124VQ0005,,,
https://sam.gov/opp/W9124VR0001,,,
https://sam.gov/opp/W9124VR0002,,,
https://sam.gov/opp/W9124VR0003,,,
https://sam.gov/opp/W9124VR0004,,,
https://sam.gov/opp/W9124VR0005,,,
https://sam.gov/opp/W9124WQ0001,,,
https://sam.gov/opp/W9124WQ0002,,,
https://sam.gov/opp/W9124WQ0003,,,
https://sam.gov/opp/W9124WQ0004,,,
https://sam.gov/opp/W9124WQ0005,,,
https://sam.gov/opp/W9124WR0001,,,
https://sam.gov/opp/W9124WR0002,,,
https://sam.gov/opp/W9124WR0003,,,
https://sam.gov/opp/W9124WR0004,,,
https://sam.gov/opp/W9124WR0005,,,
https://sam.gov/opp/W9124XQ0001,,,
https://sam.gov/opp/W9124XQ0002,,,
https://sam.gov/opp/W9124XQ0003,,,
https://sam.gov/opp/W9124XQ0004,,,
https://sam.gov/opp/W9124XQ0005,,,
https://sam.gov/opp/W9124XR0001,,,
https://sam.gov/opp/W9124XR0002,,,
https://sam.gov/opp/W9124XR0003,,,
https://sam.gov/opp/W9124XR0004,,,
https://sam.gov/opp/W9124XR0005,,,
https://sam.gov/opp/W9124YQ0001,,,
https://sam.gov/opp/W9124YQ0002,,,
https://sam.gov/opp/W9124YQ0003,,,
https://sam.gov/opp/W9124YQ0004,,,
https://sam.gov/opp/W9124YQ0005,,,
https://sam.gov/opp/W9124YR0001,,,
https://sam.gov/opp/W9124YR0002,,,
https://sam.gov/opp/W9124YR0003,,,
https://sam.gov/opp/W9124YR0004,,,
https://sam.gov/opp/W9124YR0005,,,
https://sam.gov/opp/W9124ZQ0001,,,
https://sam.gov/opp/W9124ZQ0002,,,
https://sam.gov/opp/W9124ZQ0003,,,
https://sam.gov/opp/W9124ZQ0004,,,
https://sam.gov/opp/W9124ZQ0005,,,
https://sam.gov/opp/W9124ZR0001,,,
https://sam.gov/opp/W9124ZR0002,,,
https://sam.gov/opp/W9124ZR0003,,,
https://sam.gov/opp/W9124ZR0004,,,
https://sam.gov/opp/W9124ZR0005,,,
https://sam.gov/opp/W9125Q0001,,,
https://sam.gov/opp/W9125Q0002,,,
https://sam.gov/opp/W9125Q0003,,,
https://sam.gov/opp/W9125Q0004,,,
https://sam.gov/opp/W9125Q0005,,,
https://sam.gov/opp/W9125R0001,,,
https://sam.gov/opp/W9125R0002,,,
https://sam.gov/opp/W9125R0003,,,
https://sam.gov/opp/W9125R0004,,,
https://sam.gov/opp/W9125R0005,,,
https://sam.gov/opp/W9126Q0001,,,
https://sam.gov/opp/W9126Q0002,,,
https://sam.gov/opp/W9126Q0003,,,
https://sam.gov/opp/W9126Q0004,,,
https://sam.gov/opp/W9126Q0005,,,
https://sam.gov/opp/W9126R0001,,,
https://sam.gov/opp/W9126R0002,,,
https://sam.gov/opp/W9126R0003,,,
https://sam.gov/opp/W9126R0004,,,
https://sam.gov/opp/W9126R0005,,,
https://sam.gov/opp/W9127Q0001,,,
https://sam.gov/opp/W9127Q0002,,,
https://sam.gov/opp/W9127Q0003,,,
https://sam.gov/opp/W9127Q0004,,,
https://sam.gov/opp/W9127Q0005,,,
https://sam.gov/opp/W9127R0001,,,
https://sam.gov/opp/W9127R0002,,,
https://sam.gov/opp/W9127R0003,,,
https://sam.gov/opp/W9127R0004,,,
https://sam.gov/opp/W9127R0005,,,
https://sam.gov/opp/W9128Q0001,,,
https://sam.gov/opp/W9128Q0002,,,
https://sam.gov/opp/W9128Q0003,,,
https://sam.gov/opp/W9128Q0004,,,
https://sam.gov/opp/W9128Q0005,,,
https://sam.gov/opp/W9128R0001,,,
https://sam.gov/opp/W9128R0002,,,
https://sam.gov/opp/W9128R0003,,,
https://sam.gov/opp/W9128R0004,,,
https://sam.gov/opp/W9128R0005,,,
https://sam.gov/opp/W9129Q0001,,,
https://sam.gov/opp/W9129Q0002,,,
https://sam.gov/opp/W9129Q0003,,,
https://sam.gov/opp/W9129Q0004,,,
https://sam.gov/opp/W9129Q0005,,,
https://sam.gov/opp/W9129R0001,,,
https://sam.gov/opp/W9129R0002,,,
https://sam.gov/opp/W9129R0003,,,
https://sam.gov/opp/W9129R0004,,,
https://sam.gov/opp/W9129R0005,,,
https://sam.gov/opp/W9130Q0001,,,
https://sam.gov/opp/W9130Q0002,,,
https://sam.gov/opp/W9130Q0003,,,
https://sam.gov/opp/W9130Q0004,,,
https://sam.gov/opp/W9130Q0005,,,
https://sam.gov/opp/W9130R0001,,,
https://sam.gov/opp/W9130R0002,,,
https://sam.gov/opp/W9130R0003,,,
https://sam.gov/opp/W9130R0004,,,
https://sam.gov/opp/W9130R0005,,,
https://sam.gov/opp/W9131Q0001,,,
https://sam.gov/opp/W9131Q0002,,,
https://sam.gov/opp/W9131Q0003,,,
https://sam.gov/opp/W9131Q0004,,,
https://sam.gov/opp/W9131Q0005,,,
https://sam.gov/opp/W9131R0001,,,
https://sam.gov/opp/W9131R0002,,,
https://sam.gov/opp/W9131R0003,,,
https://sam.gov/opp/W9131R0004,,,
https://sam.gov/opp/W9131R0005,,,
https://sam.gov/opp/W9132Q0001,,,
https://sam.gov/opp/W9132Q0002,,,
https://sam.gov/opp/W9132Q0003,,,
https://sam.gov/opp/W9132Q0004,,,
https://sam.gov/opp/W9132Q0005,,,
https://sam.gov/opp/W9132R0001,,,
https://sam.gov/opp/W9132R0002,,,
https://sam.gov/opp/W9132R0003,,,
https://sam.gov/opp/W9132R0004,,,
https://sam.gov/opp/W9132R0005,,,
https://sam.gov/opp/W9133Q0001,,,
https://sam.gov/opp/W9133Q0002,,,
https://sam.gov/opp/W9133Q0003,,,
https://sam.gov/opp/W9133Q0004,,,
https://sam.gov/opp/W9133Q0005,,,
https://sam.gov/opp/W9133R0001,,,
https://sam.gov/opp/W9133R0002,,,
https://sam.gov/opp/W9133R0003,,,
https://sam.gov/opp/W9133R0004,,,
https://sam.gov/opp/W9133R0005,,,
https://sam.gov/opp/W9134Q0001,,,
https://sam.gov/opp/W9134Q0002,,,
https://sam.gov/opp/W9134Q0003,,,
https://sam.gov/opp/W9134Q0004,,,
https://sam.gov/opp/W9134Q0005,,,
https://sam.gov/opp/W9134R0001,,,
https://sam.gov/opp/W9134R0002,,,
https://sam.gov/opp/W9134R0003,,,
https://sam.gov/opp/W9134R0004,,,
https://sam.gov/opp/W9134R0005,,,
https://sam.gov/opp/W9135Q0001,,,
https://sam.gov/opp/W9135Q0002,,,
https://sam.gov/opp/W9135Q0003,,,
https://sam.gov/opp/W9135Q0004,,,
https://sam.gov/opp/W9135Q0005,,,
https://sam.gov/opp/W9135R0001,,,
https://sam.gov/opp/W9135R0002,,,
https://sam.gov/opp/W9135R0003,,,
https://sam.gov/opp/W9135R0004,,,
https://sam.gov/opp/W9135R0005,,,
https://sam.gov/opp/W9136Q0001,,,
https://sam.gov/opp/W9136Q0002,,,
https://sam.gov/opp/W9136Q0003,,,
https://sam.gov/opp/W9136Q0004,,,
https://sam.gov/opp/W9136Q0005,,,
https://sam.gov/opp/W9136R0001,,,
https://sam.gov/opp/W9136R0002,,,
https://sam.gov/opp/W9136R0003,,,
https://sam.gov/opp/W9136R0004,,,
https://sam.gov/opp/W9136R0005,,,
https://sam.gov/opp/W9137Q0001,,,
https://sam.gov/opp/W9137Q0002,,,
https://sam.gov/opp/W9137Q0003,,,
https://sam.gov/opp/W9137Q0004,,,
https://sam.gov/opp/W9137Q0005,,,
https://sam.gov/opp/W9137R0001,,,
https://sam.gov/opp/W9137R0002,,,
https://sam.gov/opp/W9137R0003,,,
https://sam.gov/opp/W9137R0004,,,
https://sam.gov/opp/W9137R0005,,,
https://sam.gov/opp/W9138Q0001,,,
https://sam.gov/opp/W9138Q0002,,,
https://sam.gov/opp/W9138Q0003,,,
https://sam.gov/opp/W9138Q0004,,,
https://sam.gov/opp/W9138Q0005,,,
https://sam.gov/opp/W9138R0001,,,
https://sam.gov/opp/W9138R0002,,,
https://sam.gov/opp/W9138R0003,,,
https://sam.gov/opp/W9138R0004,,,
https://sam.gov/opp/W9138R0005,,,
https://sam.gov/opp/W9139Q0001,,,
https://sam.gov/opp/W9139Q0002,,,
https://sam.gov/opp/W9139Q0003,,,
https://sam.gov/opp/W9139Q0004,,,
https://sam.gov/opp/W9139Q0005,,,
https://sam.gov/opp/W9139R0001,,,
https://sam.gov/opp/W9139R0002,,,
https://sam.gov/opp/W9139R0003,,,
https://sam.gov/opp/W9139R0004,,,
https://sam.gov/opp/W9139R0005,,,
https://sam.gov/opp/W9140Q0001,,,
https://sam.gov/opp/W9140Q0002,,,
https://sam.gov/opp/W9140Q0003,,,
https://sam.gov/opp/W9140Q0004,,,
https://sam.gov/opp/W9140Q0005,,,
https://sam.gov/opp/W9140R0001,,,
https://sam.gov/opp/W9140R0002,,,
https://sam.gov/opp/W9140R0003,,,
https://sam.gov/opp/W9140R0004,,,
https://sam.gov/opp/W9140R0005,,,
https://sam.gov/opp/W9141Q0001,,,
https://sam.gov/opp/W9141Q0002,,,
https://sam.gov/opp/W9141Q0003,,,
https://sam.gov/opp/W9141Q0004,,,
https://sam.gov/opp/W9141Q0005,,,
https://sam.gov/opp/W9141R0001,,,
https://sam.gov/opp/W9141R0002,,,
https://sam.gov/opp/W9141R0003,,,
https://sam.gov/opp/W9141R0004,,,
https://sam.gov/opp/W9141R0005,,,
https://sam.gov/opp/W9142Q0001,,,
https://sam.gov/opp/W9142Q0002,,,
https://sam.gov/opp/W9142Q0003,,,
https://sam.gov/opp/W9142Q0004,,,
https://sam.gov/opp/W9142Q0005,,,
https://sam.gov/opp/W9142R0001,,,
https://sam.gov/opp/W9142R0002,,,
https://sam.gov/opp/W9142R0003,,,
https://sam.gov/opp/W9142R0004,,,
https://sam.gov/opp/W9142R0005,,,
https://sam.gov/opp/W9143Q0001,,,
https://sam.gov/opp/W9143Q0002,,,
https://sam.gov/opp/W9143Q0003,,,
https://sam.gov/opp/W9143Q0004,,,
https://sam.gov/opp/W9143Q0005,,,
https://sam.gov/opp/W9143R0001,,,
https://sam.gov/opp/W9143R0002,,,
https://sam.gov/opp/W9143R0003,,,
https://sam.gov/opp/W9143R0004,,,
https://sam.gov/opp/W9143R0005,,,
https://sam.gov/opp/W9144Q0001,,,
https://sam.gov/opp/W9144Q0002,,,
https://sam.gov/opp/W9144Q0003,,,
https://sam.gov/opp/W9144Q0004,,,
https://sam.gov/opp/W9144Q0005,,,
https://sam.gov/opp/W9144R0001,,,
https://sam.gov/opp/W9144R0002,,,
https://sam.gov/opp/W9144R0003,,,
https://sam.gov/opp/W9144R0004,,,
https://sam.gov/opp/W9144R0005,,,
https://sam.gov/opp/W9145Q0001,,,
https://sam.gov/opp/W9145Q0002,,,
https://sam.gov/opp/W9145Q0003,,,
https://sam.gov/opp/W9145Q0004,,,
https://sam.gov/opp/W9145Q0005,,,
https://sam.gov/opp/W9145R0001,,,
https://sam.gov/opp/W9145R0002,,,
https://sam.gov/opp/W9145R0003,,,
https://sam.gov/opp/W9145R0004,,,
https://sam.gov/opp/W9145R0005,,,
https://sam.gov/opp/W9146Q0001,,,
https://sam.gov/opp/W9146Q0002,,,
https://sam.gov/opp/W9146Q0003,,,
https://sam.gov/opp/W9146Q0004,,,
https://sam.gov/opp/W9146Q0005,,,
https://sam.gov/opp/W9146R0001,,,
https://sam.gov/opp/W9146R0002,,,
https://sam.gov/opp/W9146R0003,,,
https://sam.gov/opp/W9146R0004,,,
https://sam.gov/opp/W9146R0005,,,
https://sam.gov/opp/W9147Q0001,,,
https://sam.gov/opp/W9147Q0002,,,
https://sam.gov/opp/W9147Q0003,,,
https://sam.gov/opp/W9147Q0004,,,
https://sam.gov/opp/W9147Q0005,,,
https://sam.gov/opp/W9147R0001,,,
https://sam.gov/opp/W9147R0002,,,
https://sam.gov/opp/W9147R0003,,,
https://sam.gov/opp/W9147R0004,,,
https://sam.gov/opp/W9147R0005,,,
https://sam.gov/opp/W9148Q0001,,,
https://sam.gov/opp/W9148Q0002,,,
https://sam.gov/opp/W9148Q0003,,,
https://sam.gov/opp/W9148Q0004,,,
https://sam.gov/opp/W9148Q0005,,,
https://sam.gov/opp/W9148R0001,,,
https://sam.gov/opp/W9148R0002,,,
https://sam.gov/opp/W9148R0003,,,
https://sam.gov/opp/W9148R0004,,,
https://sam.gov/opp/W9148R0005,,,
https://sam.gov/opp/W9149Q0001,,,
https://sam.gov/opp/W9149Q0002,,,
https://sam.gov/opp/W9149Q0003,,,
https://sam.gov/opp/W9149Q0004,,,
https://sam.gov/opp/W9149Q0005,,,
https://sam.gov/opp/W9149R0001,,,
https://sam.gov/opp/W9149R0002,,,
https://sam.gov/opp/W9149R0003,,,
https://sam.gov/opp/W9149R0004,,,
https://sam.gov/opp/W9149R0005,,,
https://sam.gov/opp/W9150Q0001,,,
https://sam.gov/opp/W9150Q0002,,,
https://sam.gov/opp/W9150Q0003,,,
https://sam.gov/opp/W9150Q0004,,,
https://sam.gov/opp/W9150Q0005,,,
https://sam.gov/opp/W9150R0001,,,
https://sam.gov/opp/W9150R0002,,,
https://sam.gov/opp/W9150R0003,,,
https://sam.gov/opp/W9150R0004,,,
https://sam.gov/opp/W9150R0005,,,
https://sam.gov/opp/W9151Q0001,,,
https://sam.gov/opp/W9151Q0002,,,
https://sam.gov/opp/W9151Q0003,,,
https://sam.gov/opp/W9151Q0004,,,
https://sam.gov/opp/W9151Q0005,,,
https://sam.gov/opp/W9151R0001,,,
https://sam.gov/opp/W9151R0002,,,
https://sam.gov/opp/W9151R0003,,,
https://sam.gov/opp/W9151R0004,,,
https://sam.gov/opp/W9151R0005,,,
https://sam.gov/opp/W9152Q0001,,,
https://sam.gov/opp/W9152Q0002,,,
https://sam.gov/opp/W9152Q0003,,,
https://sam.gov/opp/W9152Q0004,,,
https://sam.gov/opp/W9152Q0005,,,
https://sam.gov/opp/W9152R0001,,,
https://sam.gov/opp/W9152R0002,,,
https://sam.gov/opp/W9152R0003,,,
https://sam.gov/opp/W9152R0004,,,
https://sam.gov/opp/W9152R0005,,,
https://sam.gov/opp/W9153Q0001,,,
https://sam.gov/opp/W9153Q0002,,,
https://sam.gov/opp/W9153Q0003,,,
https://sam.gov/opp/W9153Q0004,,,
https://sam.gov/opp/W9153Q0005,,,
https://sam.gov/opp/W9153R0001,,,
https://sam.gov/opp/W9153R0002,,,
https://sam.gov/opp/W9153R0003,,,
https://sam.gov/opp/W9153R0004,,,
https://sam.gov/opp/W9153R0005,,,
https://sam.gov/opp/W9154Q0001,,,
https://sam.gov/opp/W9154Q0002,,,
https://sam.gov/opp/W9154Q0003,,,
https://sam.gov/opp/W9154Q0004,,,
https://sam.gov/opp/W9154Q0005,,,
https://sam.gov/opp/W9154R0001,,,
https://sam.gov/opp/W9154R0002,,,
https://sam.gov/opp/W9154R0003,,,
https://sam.gov/opp/W9154R0004,,,
https://sam.gov/opp/W9154R0005,,,
https://sam.gov/opp/W9155Q0001,,,
https://sam.gov/opp/W9155Q0002,,,
https://sam.gov/opp/W9155Q0003,,,
https://sam.gov/opp/W9155Q0004,,,
https://sam.gov/opp/W9155Q0005,,,
https://sam.gov/opp/W9155R0001,,,
https://sam.gov/opp/W9155R0002,,,
https://sam.gov/opp/W9155R0003,,,
https://sam.gov/opp/W9155R0004,,,
https://sam.gov/opp/W9155R0005,,,
https://sam.gov/opp/W9156Q0001,,,
https://sam.gov/opp/W9156Q0002,,,
https://sam.gov/opp/W9156Q0003,,,
https://sam.gov/opp/W9156Q0004,,,
https://sam.gov/opp/W9156Q0005,,,
https://sam.gov/opp/W9156R0001,,,
https://sam.gov/opp/W9156R0002,,,
https://sam.gov/opp/W9156R0003,,,
https://sam.gov/opp/W9156R0004,,,
https://sam.gov/opp/W9156R0005,,,
https://sam.gov/opp/W9157Q0001,,,
https://sam.gov/opp/W9157Q0002,,,
https://sam.gov/opp/W9157Q0003,,,
https://sam.gov/opp/W9157Q0004,,,
https://sam.gov/opp/W9157Q0005,,,
https://sam.gov/opp/W9157R0001,,,
https://sam.gov/opp/W9157R0002,,,
https://sam.gov/opp/W9157R0003,,,
https://sam.gov/opp/W9157R0004,,,
https://sam.gov/opp/W9157R0005,,,
https://sam.gov/opp/W9158Q0001,,,
https://sam.gov/opp/W9158Q0002,,,
https://sam.gov/opp/W9158Q0003,,,
https://sam.gov/opp/W9158Q0004,,,
https://sam.gov/opp/W9158Q0005,,,
https://sam.gov/opp/W9158R0001,,,
https://sam.gov/opp/W9158R0002,,,
https://sam.gov/opp/W9158R0003,,,
https://sam.gov/opp/W9158R0004,,,
https://sam.gov/opp/W9158R0005,,,
https://sam.gov/opp/W9159Q0001,,,
https://sam.gov/opp/W9159Q0002,,,
https://sam.gov/opp/W9159Q0003,,,
https://sam.gov/opp/W9159Q0004,,,
https://sam.gov/opp/W9159Q0005,,,
https://sam.gov/opp/W9159R0001,,,
https://sam.gov/opp/W9159R0002,,,
https://sam.gov/opp/W9159R0003,,,
https://sam.gov/opp/W9159R0004,,,
https://sam.gov/opp/W9159R0005,,,
https://sam.gov/opp/W9160Q0001,,,
https://sam.gov/opp/W9160Q0002,,,
https://sam.gov/opp/W9160Q0003,,,
https://sam.gov/opp/W9160Q0004,,,
https://sam.gov/opp/W9160Q0005,,,
https://sam.gov/opp/W9160R0001,,,
https://sam.gov/opp/W9160R0002,,,
https://sam.gov/opp/W9160R0003,,,
https://sam.gov/opp/W9160R0004,,,
https://sam.gov/opp/W9160R0005,,,
https://sam.gov/opp/W9161Q0001,,,
https://sam.gov/opp/W9161Q0002,,,
https://sam.gov/opp/W9161Q0003,,,
https://sam.gov/opp/W9161Q0004,,,
https://sam.gov/opp/W9161Q0005,,,
https://sam.gov/opp/W9161R0001,,,
https://sam.gov/opp/W9161R0002,,,
https://sam.gov/opp/W9161R0003,,,
https://sam.gov/opp/W9161R0004,,,
https://sam.gov/opp/W9161R0005,,,
https://sam.gov/opp/W9162Q0001,,,
https://sam.gov/opp/W9162Q0002,,,
https://sam.gov/opp/W9162Q0003,,,
https://sam.gov/opp/W9162Q0004,,,
https://sam.gov/opp/W9162Q0005,,,
https://sam.gov/opp/W9162R0001,,,
https://sam.gov/opp/W9162R0002,,,
https://sam.gov/opp/W9162R0003,,,
https://sam.gov/opp/W9162R0004,,,
https://sam.gov/opp/W9162R0005,,,
https://sam.gov/opp/W9163Q0001,,,
https://sam.gov/opp/W9163Q0002,,,
https://sam.gov/opp/W9163Q0003,,,
https://sam.gov/opp/W9163Q0004,,,
https://sam.gov/opp/W9163Q0005,,,
https://sam.gov/opp/W9163R0001,,,
https://sam.gov/opp/W9163R0002,,,
https://sam.gov/opp/W9163R0003,,,
https://sam.gov/opp/W9163R0004,,,
https://sam.gov/opp/W9163R0005,,,
https://sam.gov/opp/W9164Q0001,,,
https://sam.gov/opp/W9164Q0002,,,
https://sam.gov/opp/W9164Q0003,,,
https://sam.gov/opp/W9164Q0004,,,
https://sam.gov/opp/W9164Q0005,,,
https://sam.gov/opp/W9164R0001,,,
https://sam.gov/opp/W9164R0002,,,
https://sam.gov/opp/W9164R0003,,,
https://sam.gov/opp/W9164R0004,,,
https://sam.gov/opp/W9164R0005,,,
https://sam.gov/opp/W9165Q0001,,,
https://sam.gov/opp/W9165Q0002,,,
https://sam.gov/opp/W9165Q0003,,,
https://sam.gov/opp/W9165Q0004,,,
https://sam.gov/opp/W9165Q0005,,,
https://sam.gov/opp/W9165R0001,,,
https://sam.gov/opp/W9165R0002,,,
https://sam.gov/opp/W9165R0003,,,
https://sam.gov/opp/W9165R0004,,,
https://sam.gov/opp/W9165R0005,,,
https://sam.gov/opp/W9166Q0001,,,
https://sam.gov/opp/W9166Q0002,,,
https://sam.gov/opp/W9166Q0003,,,
https://sam.gov/opp/W9166Q0004,,,
https://sam.gov/opp/W9166Q0005,,,
https://sam.gov/opp/W9166R0001,,,
https://sam.gov/opp/W9166R0002,,,
https://sam.gov/opp/W9166R0003,,,
https://sam.gov/opp/W9166R0004,,,
https://sam.gov/opp/W9166R0005,,,
https://sam.gov/opp/W9167Q0001,,,
https://sam.gov/opp/W9167Q0002,,,
https://sam.gov/opp/W9167Q0003,,,
https://sam.gov/opp/W9167Q0004,,,
https://sam.gov/opp/W9167Q0005,,,
https://sam.gov/opp/W9167R0001,,,
https://sam.gov/opp/W9167R0002,,,
https://sam.gov/opp/W9167R0003,,,
https://sam.gov/opp/W9167R0004,,,
https://sam.gov/opp/W9167R0005,,,
https://sam.gov/opp/W9168Q0001,,,
https://sam.gov/opp/W9168Q0002,,,
https://sam.gov/opp/W9168Q0003,,,
https://sam.gov/opp/W9168Q0004,,,
https://sam.gov/opp/W9168Q0005,,,
https://sam.gov/opp/W9168R0001,,,
https://sam.gov/opp/W9168R0002,,,
https://sam.gov/opp/W9168R0003,,,
https://sam.gov/opp/W9168R0004,,,
https://sam.gov/opp/W9168R0005,,,
https://sam.gov/opp/W9169Q0001,,,
https://sam.gov/opp/W9169Q0002,,,
https://sam.gov/opp/W9169Q0003,,,
https://sam.gov/opp/W9169Q0004,,,
https://sam.gov/opp/W9169Q0005,,,
https://sam.gov/opp/W9169R0001,,,
https://sam.gov/opp/W9169R0002,,,
https://sam.gov/opp/W9169R0003,,,
https://sam.gov/opp/W9169R0004,,,
https://sam.gov/opp/W9169R0005,,,
https://sam.gov/opp/W9170Q0001,,,
https://sam.gov/opp/W9170Q0002,,,
https://sam.gov/opp/W9170Q0003,,,
https://sam.gov/opp/W9170Q0004,,,
https://sam.gov/opp/W9170Q0005,,,
https://sam.gov/opp/W9170R0001,,,
https://sam.gov/opp/W9170R0002,,,
https://sam.gov/opp/W9170R0003,,,
https://sam.gov/opp/W9170R0004,,,
https://sam.gov/opp/W9170R0005,,,
https://sam.gov/opp/W9171Q0001,,,
https://sam.gov/opp/W9171Q0002,,,
https://sam.gov/opp/W9171Q0003,,,
https://sam.gov/opp/W9171Q0004,,,
https://sam.gov/opp/W9171Q0005,,,
https://sam.gov/opp/W9171R0001,,,
https://sam.gov/opp/W9171R0002,,,
https://sam.gov/opp/W9171R0003,,,
https://sam.gov/opp/W9171R0004,,,
https://sam.gov/opp/W9171R0005,,,
https://sam.gov/opp/W9172Q0001,,,
https://sam.gov/opp/W9172Q0002,,,
https://sam.gov/opp/W9172Q0003,,,
https://sam.gov/opp/W9172Q0004,,,
https://sam.gov/opp/W9172Q0005,,,
https://sam.gov/opp/W9172R0001,,,
https://sam.gov/opp/W9172R0002,,,
https://sam.gov/opp/W9172R0003,,,
https://sam.gov/opp/W9172R0004,,,
https://sam.gov/opp/W9172R0005,,,
https://sam.gov/opp/W9173Q0001,,,
https://sam.gov/opp/W9173Q0002,,,
https://sam.gov/opp/W9173Q0003,,,
https://sam.gov/opp/W9173Q0004,,,
https://sam.gov/opp/W9173Q0005,,,
https://sam.gov/opp/W9173R0001,,,
https://sam.gov/opp/W9173R0002,,,
https://sam.gov/opp/W9173R0003,,,
https://sam.gov/opp/W9173R0004,,,
https://sam.gov/opp/W9173R0005,,,
https://sam.gov/opp/W9174Q0001,,,
https://sam.gov/opp/W9174Q0002,,,
https://sam.gov/opp/W9174Q0003,,,
https://sam.gov/opp/W9174Q0004,,,
https://sam.gov/opp/W9174Q0005,,,
https://sam.gov/opp/W9174R0001,,,
https://sam.gov/opp/W9174R0002,,,
https://sam.gov/opp/W9174R0003,,,
https://sam.gov/opp/W9174R0004,,,
https://sam.gov/opp/W9174R0005,,,
https://sam.gov/opp/W9175Q0001,,,
https://sam.gov/opp/W9175Q0002,,,
https://sam.gov/opp/W9175Q0003,,,
https://sam.gov/opp/W9175Q0004,,,
https://sam.gov/opp/W9175Q0005,,,
https://sam.gov/opp/W9175R0001,,,
https://sam.gov/opp/W9175R0002,,,
https://sam.gov/opp/W9175R0003,,,
https://sam.gov/opp/W9175R0004,,,
https://sam.gov/opp/W9175R0005,,,
https://sam.gov/opp/W9176Q0001,,,
https://sam.gov/opp/W9176Q0002,,,
https://sam.gov/opp/W9176Q0003,,,
https://sam.gov/opp/W9176Q0004,,,
https://sam.gov/opp/W9176Q0005,,,
https://sam.gov/opp/W9176R0001,,,
https://sam.gov/opp/W9176R0002,,,
https://sam.gov/opp/W9176R0003,,,
https://sam.gov/opp/W9176R0004,,,
https://sam.gov/opp/W9176R0005,,,
https://sam.gov/opp/W9177Q0001,,,
https://sam.gov/opp/W9177Q0002,,,
https://sam.gov/opp/W9177Q0003,,,
https://sam.gov/opp/W9177Q0004,,,
https://sam.gov/opp/W9177Q0005,,,
https://sam.gov/opp/W9177R0001,,,
https://sam.gov/opp/W9177R0002,,,
https://sam.gov/opp/W9177R0003,,,
https://sam.gov/opp/W9177R0004,,,
https://sam.gov/opp/W9177R0005,,,
https://sam.gov/opp/W9178Q0001,,,
https://sam.gov/opp/W9178Q0002,,,
https://sam.gov/opp/W9178Q0003,,,
https://sam.gov/opp/W9178Q0004,,,
https://sam.gov/opp/W9178Q0005,,,
https://sam.gov/opp/W9178R0001,,,
https://sam.gov/opp/W9178R0002,,,
https://sam.gov/opp/W9178R0003,,,
https://sam.gov/opp/W9178R0004,,,
https://sam.gov/opp/W9178R0005,,,
https://sam.gov/opp/W9179Q0001,,,
https://sam.gov/opp/W9179Q0002,,,
https://sam.gov/opp/W9179Q0003,,,
https://sam.gov/opp/W9179Q0004,,,
https://sam.gov/opp/W9179Q0005,,,
https://sam.gov/opp/W9179R0001,,,
https://sam.gov/opp/W9179R0002,,,
https://sam.gov/opp/W9179R0003,,,
https://sam.gov/opp/W9179R0004,,,
https://sam.gov/opp/W9179R0005,,,
https://sam.gov/opp/W9180Q0001,,,
https://sam.gov/opp/W9180Q0002,,,
https://sam.gov/opp/W9180Q0003,,,
https://sam.gov/opp/W9180Q0004,,,
https://sam.gov/opp/W9180Q0005,,,
https://sam.gov/opp/W9180R0001,,,
https://sam.gov/opp/W9180R0002,,,
https://sam.gov/opp/W9180R0003,,,
https://sam.gov/opp/W9180R0004,,,
https://sam.gov/opp/W9180R0005,,,
https://sam.gov/opp/W9181Q0001,,,
https://sam.gov/opp/W9181Q0002,,,
https://sam.gov/opp/W9181Q0003,,,
https://sam.gov/opp/W9181Q0004,,,
https://sam.gov/opp/W9181Q0005,,,
https://sam.gov/opp/W9181R0001,,,
https://sam.gov/opp/W9181R0002,,,
https://sam.gov/opp/W9181R0003,,,
https://sam.gov/opp/W9181R0004,,,
https://sam.gov/opp/W9181R0005,,,
https://sam.gov/opp/W9182Q0001,,,
https://sam.gov/opp/W9182Q0002,,,
https://sam.gov/opp/W9182Q0003,,,
https://sam.gov/opp/W9182Q0004,,,
https://sam.gov/opp/W9182Q0005,,,
https://sam.gov/opp/W9182R0001,,,
https://sam.gov/opp/W9182R0002,,,
https://sam.gov/opp/W9182R0003,,,
https://sam.gov/opp/W9182R0004,,,
https://sam.gov/opp/W9182R0005,,,
https://sam.gov/opp/W9183Q0001,,,
https://sam.gov/opp/W9183Q0002,,,
https://sam.gov/opp/W9183Q0003,,,
https://sam.gov/opp/W9183Q0004,,,
https://sam.gov/opp/W9183Q0005,,,
https://sam.gov/opp/W9183R0001,,,
https://sam.gov/opp/W9183R0002,,,
https://sam.gov/opp/W9183R0003,,,
https://sam.gov/opp/W9183R0004,,,
https://sam.gov/opp/W9183R0005,,,
https://sam.gov/opp/W9184Q0001,,,
https://sam.gov/opp/W9184Q0002,,,
https://sam.gov/opp/W9184Q0003,,,
https://sam.gov/opp/W9184Q0004,,,
https://sam.gov/opp/W9184Q0005,,,
https://sam.gov/opp/W9184R0001,,,
https://sam.gov/opp/W9184R0002,,,
https://sam.gov/opp/W9184R0003,,,
https://sam.gov/opp/W9184R0004,,,
https://sam.gov/opp/W9184R0005,,,
https://sam.gov/opp/W9185Q0001,,,
https://sam.gov/opp/W9185Q0002,,,
https://sam.gov/opp/W9185Q0003,,,
https://sam.gov/opp/W9185Q0004,,,
https://sam.gov/opp/W9185Q0005,,,
https://sam.gov/opp/W9185R0001,,,
https://sam.gov/opp/W9185R0002,,,
https://sam.gov/opp/W9185R0003,,,
https://sam.gov/opp/W9185R0004,,,
https://sam.gov/opp/W9185R0005,,,
https://sam.gov/opp/W9186Q0001,,,
https://sam.gov/opp/W9186Q0002,,,
https://sam.gov/opp/W9186Q0003,,,
https://sam.gov/opp/W9186Q0004,,,
https://sam.gov/opp/W9186Q0005,,,
https://sam.gov/opp/W9186R0001,,,
https://sam.gov/opp/W9186R0002,,,
https://sam.gov/opp/W9186R0003,,,
https://sam.gov/opp/W9186R0004,,,
https://sam.gov/opp/W9186R0005,,,
https://sam.gov/opp/W9187Q0001,,,
https://sam.gov/opp/W9187Q0002,,,
https://sam.gov/opp/W9187Q0003,,,
https://sam.gov/opp/W9187Q0004,,,
https://sam.gov/opp/W9187Q0005,,,
https://sam.gov/opp/W9187R0001,,,
https://sam.gov/opp/W9187R0002,,,
https://sam.gov/opp/W9187R0003,,,
https://sam.gov/opp/W9187R0004,,,
https://sam.gov/opp/W9187R0005,,,
https://sam.gov/opp/W9188Q0001,,,
https://sam.gov/opp/W9188Q0002,,,
https://sam.gov/opp/W9188Q0003,,,
https://sam.gov/opp/W9188Q0004,,,
https://sam.gov/opp/W9188Q0005,,,
https://sam.gov/opp/W9188R0001,,,
https://sam.gov/opp/W9188R0002,,,
https://sam.gov/opp/W9188R0003,,,
https://sam.gov/opp/W9188R0004,,,
https://sam.gov/opp/W9188R0005,,,
https://sam.gov/opp/W9189Q0001,,,
https://sam.gov/opp/W9189Q0002,,,
https://sam.gov/opp/W9189Q0003,,,
https://sam.gov/opp/W9189Q0004,,,
https://sam.gov/opp/W9189Q0005,,,
https://sam.gov/opp/W9189R0001,,,
https://sam.gov/opp/W9189R0002,,,
https://sam.gov/opp/W9189R0003,,,
https://sam.gov/opp/W9189R0004,,,
https://sam.gov/opp/W9189R0005,,,
https://sam.gov/opp/W9190Q0001,,,
https://sam.gov/opp/W9190Q0002,,,
https://sam.gov/opp/W9190Q0003,,,
https://sam.gov/opp/W9190Q0004,,,
https://sam.gov/opp/W9190Q0005,,,
https://sam.gov/opp/W9190R0001,,,
https://sam.gov/opp/W9190R0002,,,
https://sam.gov/opp/W9190R0003,,,
https://sam.gov/opp/W9190R0004,,,
https://sam.gov/opp/W9190R0005,,,
https://sam.gov/opp/W9191Q0001,,,
https://sam.gov/opp/W9191Q0002,,,
https://sam.gov/opp/W9191Q0003,,,
https://sam.gov/opp/W9191Q0004,,,
https://sam.gov/opp/W9191Q0005,,,
https://sam.gov/opp/W9191R0001,,,
https://sam.gov/opp/W9191R0002,,,
https://sam.gov/opp/W9191R0003,,,
https://sam.gov/opp/W9191R0004,,,
https://sam.gov/opp/W9191R0005,,,
